"Year","Focal_Depth","Primary_Magnitude","Country","Latitude","Longitude","Deaths","Missing","Injuriez","Damage($M)"
-426,,7.1,"GREECE",38.9,22.7,,,,
-373,,7.3,"GREECE",38.25,22.25,,,,
79,,,"ITALY",40.821,14.426,,,,
142,,7,"GREECE",36.7,28,,,,
173,,,"CHINA",37.5,120,,,,
365,70,8,"GREECE",35,23,5000,,,
478,,,"TURKEY",40.8,29.2,,,,
543,,6.8,"TURKEY",40.3,27.8,,,,
551,,7.1,"GREECE",38.4,22.3,,,,
551,,7.8,"TURKEY",40.8,29.9,,,,
552,,7.2,"GREECE",38.4,22.4,,,,
554,,7,"GREECE",36.5,27.5,,,,
557,,7,"TURKEY",40.9,27.6,,,,
558,,7,"GREECE",37.1,27.7,,,,
684,,8.4,"JAPAN",32.5,134,,,,
701,,7,"JAPAN",35.7,135.4,,,,
704,,7,"JAPAN",33.8,136.7,,,,
744,,6.4,"JAPAN",32.4,130.5,1520,,,
745,,6.5,"JAPAN",34.6,135.3,,,,
818,,7.9,"JAPAN",35.2,139.3,,,,
850,,7,"JAPAN",39,139.9,,,,
863,,7,"JAPAN",37.1,138,,,,
869,,8.6,"JAPAN",38.5,143.8,1000,,,
887,,6.5,"JAPAN",37.5,138.1,2000,,,
887,,8.6,"JAPAN",33,135.3,,,,
922,,7,"JAPAN",33.8,136.7,,,,
963,,,"ITALY",38,15,,,,
986,,7.5,"TURKEY",40.8,29.2,,,,
1026,,7.5,"JAPAN",34.8,131.8,1001,,,
1033,,,"SYRIA",33,35,,,,
1065,,,"TURKEY",,,,,,
1068,,,"ISRAEL",29.5,34.95,,,,
1088,,,"JAPAN",39.64,141.96,,,,
1088,,7,"JAPAN",40.5,143,,,,
1096,,8.4,"JAPAN",34,137.5,,,,
1099,,8.4,"JAPAN",33,135.5,,,,
1169,,7,"ITALY",37.3,15.03,,,,
1172,,,"ITALY",38,15,,,,
1202,,7.6,"SYRIA",33.5,36,,,,
1222,,6.6,"CYPRUS ISLAND",34.5,33,,,,
1241,,7,"JAPAN",35.2,139.4,,,,
1257,,7.5,"JAPAN",39,144,,,,
1257,,7,"JAPAN",35.2,139.5,,,,
1265,,6.6,"TURKEY",40.7,27.4,,,,
1270,,,"GREECE",41.3,19.5,,,,
1303,,8,"GREECE",34,26,,,,
1331,,7,"JAPAN",33.7,135.2,,,,
1341,,7,"JAPAN",41,139.5,2600,,,
1343,,7,"TURKEY",41,28.1,,,,
1344,,6.9,"TURKEY",40.8,28.8,,,,
1360,,7,"JAPAN",33.4,136.2,,,,
1361,,8.4,"JAPAN",33,135,660,,,
1365,,,"ALGERIA",36.8,3,,,,
1403,,7,"JAPAN",33.7,136.5,,,,
1408,,7,"JAPAN",33.8,136.9,,,,
1419,,,"TURKEY",,,,,,
1433,,7.1,"JAPAN",34.9,139.5,,,,
1448,,7,"JAPAN",37.5,138.2,,,,
1494,,7.2,"GREECE",35.5,25.5,,,,
1495,,7.1,"JAPAN",35.1,139.5,200,,,
1498,,8.3,"JAPAN",34,138.1,,,,
1498,,7.5,"JAPAN",33.5,135.2,,,,
1509,,,"CHINA",31.5,121.5,,,,
1509,,7.7,"TURKEY",40.8,28.1,,,,
1510,,6.7,"JAPAN",34.6,135.4,,,,
1520,,7,"JAPAN",33.6,136.3,,,,
1530,,,"VENEZUELA",10.7,-64.1,,,,
1531,,7.7,"PORTUGAL",38.7,-9.1,,,,
1542,,6.6,"ITALY",37.07,15.3,,,,
1546,,6.5,"ISRAEL",32,35.5,,,,
1562,,,"ITALY",40.5,15.5,,,,
1562,,8,"CHILE",-38.7,-73.5,,,,
1564,,5.8,"FRANCE",44.017,7.283,,,,
1570,,8.3,"CHILE",-36.75,-73,2000,,,
1571,,,"TURKEY",,,,,,
1575,,8.5,"CHILE",-39.8,-73.2,1300,,,
1580,33,6.2,"UK",51.019,1.309,,,,
1586,,8.2,"JAPAN",35,136.8,,,,
1586,60,8.5,"PERU",-12.3,-77.7,,,,
1589,,6.7,"JAPAN",34.8,138.2,,,,
1596,,6.9,"JAPAN",33.3,131.7,708,,,
1597,,6.4,"JAPAN",33.3,131.6,40,,,
1602,,7.2,"JAPAN",35.1,140.5,,,,
1604,30,8.5,"PERU",-17.88,-70.94,74,,,
1605,,7.9,"JAPAN",33,134.9,5000,,,
1605,,7.9,"JAPAN",33.5,138.5,1001,,,
1608,,7.6,"IRAN",36.4,50.5,,,,
1611,,8.1,"JAPAN",39,144.5,5000,,,
1612,,6.7,"GREECE",35.5,25.5,,,,
1614,,7.7,"JAPAN",37.5,138,,,,
1615,,5.7,"UKRAINE",44.9,35.5,,,,
1616,,7,"JAPAN",38.1,142,,,,
1619,,6.4,"JAPAN",32.5,130.6,,,,
1627,,6.7,"ITALY",41.733,15.35,,,,
1627,,8,"PHILIPPINES",18.4,121.6,,,,
1629,70,7,"GREECE",36,25,,,,
1629,,,"INDONESIA",-4.6,129.9,,,,
1631,,,"ITALY",40.821,14.426,,,,
1633,,7.1,"JAPAN",35.2,139.2,,,,
1633,,,"CHILE",-41.8,-73.8,,,,
1633,,6.9,"GREECE",37.6,21,,,,
1640,,,"CHINA",23,117,,,,
1642,,6.7,"JAPAN",35.2,140.6,,,,
1643,,6.5,"SOUTH KOREA",35.5,129.5,,,,
1644,,6.9,"JAPAN",39.4,140.1,117,,,
1646,,5.2,"ITALY",43.55,10.317,,,,
1649,,6.5,"SOUTH KOREA",35.5,126,,,,
1657,,8,"CHILE",-36.83,-73.03,40,,,
1661,,,"ITALY",,,,,,
1662,,7.6,"JAPAN",31.7,132,200,,,
1666,,6.4,"JAPAN",35,136.8,,,,
1667,,6.7,"JAPAN",25,125.5,,,,
1668,,6.6,"TURKEY",38.4,27.1,,,,
1668,,8.5,"CHINA",35.3,118.6,,,,
1670,,6.8,"CHINA",33,122.5,,,,
1670,,6.4,"JAPAN",35.5,141,,,,
1672,,6.8,"GREECE",,,,,,
1672,,5.6,"ITALY",43.933,12.583,,,,
1674,40,6.8,"INDONESIA",-3.75,127.75,2244,6,,
1674,,6,"INDONESIA",-3.7,128.2,,,,
1677,,8.1,"JAPAN",40,144,,,,
1677,,7.4,"JAPAN",35,141.5,500,,,
1678,40,8.4,"PERU",-9,-79,,,,
1680,,,"SPAIN",36.5,-3.6,,,,
1682,,,"ITALY",,,,,,
1687,30,8.5,"PERU",-13.5,-76.5,5000,,,
1690,,8,"ANTIGUA AND BARBUDA",17.5,-61.5,,,,
1692,,7.7,"JAMAICA",17.8,-76.7,2000,,,
1693,,7.4,"ITALY",37.133,15.017,,,,
1698,,6.4,"JAPAN",33.3,131.7,,,,
1700,,9,"USA",45,-125,2,,,
1700,,6.5,"SOUTH KOREA",36.5,126.5,,,,
1703,,8.2,"JAPAN",34.7,139.8,5233,,,
1707,,,"ITALY",,,,,,
1707,,8.4,"JAPAN",34.1,137.8,2000,,,
1707,,8.4,"JAPAN",33.2,134.8,5000,,,
1708,,7,"JAPAN",34,137,,,,
1708,,,"INDONESIA",-3.69,128.15,,,,
1710,,,"INDONESIA",-4.53,129.9,,,,
1711,,7,"INDONESIA",-4,129,2,,,
1711,,6.7,"JAPAN",34.3,134,,,,
1715,80,7.5,"PERU",-17.3,-70.8,,,,
1715,,6.6,"JAPAN",33.3,131.7,,,,
1726,,6.6,"JAPAN",36.3,136,,,,
1726,,5.8,"ITALY",38.117,13.35,,,,
1730,,8.7,"CHILE",-32.5,-71.5,3,,,
1732,,,"MEXICO",16.8,-99.9,,,,
1732,,6.5,"JAPAN",35.2,140.8,,,,
1737,,,"RUSSIA",51.1,158,3,,,
1741,,7.3,"GREECE",36.2,28.5,,,,
1742,,,"ITALY",43.5,10.2,,,,
1742,,7,"RUSSIA",51.5,157,,,,
1746,30,8,"PERU",-11.996,-77.198,4800,,,
1748,,6.8,"GREECE",38.3,22.1,,,,
1751,,6.6,"JAPAN",37.2,138.1,2100,,,
1751,,8.5,"CHILE",-37,-73,65,,,
1754,,6.5,"INDONESIA",-3.5,128.5,,,,
1754,,,"MEXICO",16.8,-99.2,,,,
1755,,8.5,"PORTUGAL",37,-10,50000,,,
1761,,8.5,"PORTUGAL",34.5,-13,,,,
1762,,,"BANGLADESH",22,92,,,,
1762,,6.6,"JAPAN",38.1,138.7,,,,
1763,,7.4,"JAPAN",40.8,142,,,,
1763,,7.8,"JAPAN",41,142.5,,,,
1763,,7.1,"JAPAN",40.7,142,,,,
1763,,,"INDONESIA",-6,130,7,,,
1766,,6.9,"JAPAN",40.9,140.7,1700,,,
1767,,,"MARTINIQUE (FRENCH TERRITORY)",14.4,-61,,,,
1768,,7.5,"PAPUA NEW GUINEA",-4.85,152.8,,,,
1768,,6.5,"JAPAN",26.2,127.5,,,,
1769,,7.4,"JAPAN",32.3,132,,,,
1769,,6.5,"GREECE",38.4,12.2,,,,
1770,,,"HAITI",18.5,-72.3,,,,
1770,,7,"INDONESIA",-5,102,,,,
1771,,7.4,"JAPAN",24,124.3,13486,,,
1772,,,"GREECE",38.8,26.7,,,,
1775,,,"CUBA",19.9,-76,,,,
1775,,,"INDONESIA",-3.7,128.2,,,,
1778,,,"GREECE",,,,,,
1780,,7.5,"RUSSIA",45.3,151.2,12,,,
1782,,7.3,"JAPAN",35.1,139.7,,,,
1783,13,6.9,"ITALY",38.3,15.967,,,,
1783,6,5.9,"ITALY",38.217,15.633,1500,,,
1783,,5.9,"ITALY",38.767,16.3,,,,
1783,18,6.9,"ITALY",38.783,16.467,,,,
1784,,4.1,"ITALY",38.317,16.4,,,,
1787,,8.3,"MEXICO",16.5,-98.5,11,,,
1788,,8,"USA",57,-153,,,,
1788,,8,"USA",55,-161,,,,
1790,,,"ALGERIA",35.7,-0.6,,,,
1791,,6.5,"JAPAN",34.5,135.4,,,,
1792,,6.9,"JAPAN",43.5,140.6,,,,
1793,,6.9,"JAPAN",40.85,139.95,12,,,
1793,33,8.3,"JAPAN",38.5,144,720,,,
1794,,5.5,"GREECE",38.3,22.3,,,,
1795,,,"TRINIDAD AND TOBAGO",10.7,-61.7,,,,
1797,,8,"INDONESIA",0.001,99,300,,,
1799,,6.4,"JAPAN",36.6,136.6,,,,
1802,,,"VENEZUELA",10.3,-64.5,,,,
1802,,,"ALGERIA",36.5,2.9,,,,
1802,,6.6,"JAPAN",37.7,138.3,,,,
1804,,,"SPAIN",36.833,-2.833,,,,
1804,,6.7,"GREECE",38.3,21.8,,,,
1804,,7.3,"JAPAN",39.05,139.95,,,,
1805,,6.6,"ITALY",41.5,14.467,,,,
1806,,7.5,"PERU",-12.1,-77.1,,,,
1808,,6.5,"JAPAN",33.9,134.8,,,,
1810,,6.6,"JAPAN",39.9,139.9,,,,
1812,,7.5,"USA",34.2,-119.9,,,,
1815,150,7,"INDONESIA",-8,115,1200,,,
1817,,6.8,"GREECE",38.3,22.1,,,,
1818,,6,"ITALY",37.6,15.133,,,,
1818,,7,"INDONESIA",-4,101.5,,,,
1819,,8.5,"CHILE",-27,-71.5,,,,
1819,,7.7,"INDIA",23,71,,,,
1819,,5.8,"NORWAY",66.416,12.85,,,,
1820,,7.6,"MEXICO",17.2,-99.6,,,,
1820,80,7.5,"INDONESIA",-7,119,500,,,
1821,,6.5,"GREECE",37.8,21.3,,,,
1822,,8.5,"CHILE",-33,-72,,,,
1823,,,"MARTINIQUE (FRENCH TERRITORY)",14.4,-61,,,,
1826,,,"JAPAN",27.07,142.21,,,,
1826,,,"NEW ZEALAND",-45.78,166.48,,,,
1827,,,"RUSSIA",53,158.5,,,,
1828,,6.4,"JAPAN",32.6,129.9,,,,
1831,,,"NEW ZEALAND",-38.7,178,,,,
1833,,,"MEXICO",16.8,-99.9,,,,
1833,75,8.3,"INDONESIA",-2.5,100.5,,,,
1833,,7.4,"JAPAN",38.9,139.15,50,,,
1834,,6.4,"JAPAN",43.3,141.4,,,,
1835,,8.2,"CHILE",-36.83,-73.03,3,,,
1835,,7.6,"JAPAN",37.9,141.9,,,,
1836,,,"ITALY",39.6,16.6,,,,
1837,,,"ISRAEL",33,35.5,,,,
1837,,8.5,"CHILE",-42.5,-74,16,,,
1841,30,8.4,"RUSSIA",52,158,,,,
1841,,,"INDONESIA",-5,130,,,,
1841,,6,"INDONESIA",-4,127.5,,,,
1842,,8.1,"HAITI",19.75,-72.2,300,,,
1843,70,7.3,"INDONESIA",1.5,98,,,,
1843,33,8.3,"GUADELOUPE (FRENCH TERRITORY)",16.5,-62.2,,,,
1843,,8.4,"JAPAN",42,146,45,,,
1845,,7,"INDONESIA",1.5,124.85,,,,
1845,,8,"MEXICO",17,-100.6,,,,
1845,,6.3,"INDIA",23.583,68.367,,,,
1846,,7.3,"INDONESIA",2,126.5,,,,
1846,,6.9,"JAPAN",39.5,142.5,,,,
1846,5,6.1,"ITALY",43.4,10.6,,,,
1846,,,"ITALY",43.5,10.5,,,,
1846,,,"ITALY",,,,,,
1846,,,"ITALY",,,,,,
1846,,,"ITALY",,,,,,
1846,,,"ITALY",,,,,,
1846,,,"ITALY",,,,,,
1846,,,"ITALY",,,,,,
1846,,,"ITALY",,,,,,
1846,,,"ITALY",,,,,,
1847,,,"ITALY",,,,,,
1847,,,"ITALY",,,,,,
1847,,,"ITALY",,,,,,
1847,,,"INDIA",7.333,93.667,,,,
1849,,7.5,"USA TERRITORY",14,143.3,,1,,
1849,,,"RUSSIA",55,166,,,,
1849,,6.5,"CHILE",-29.95,-71.37,,,,
1851,,7.2,"TURKEY",35.5,28.7,,,,
1851,,,"TURKEY",,,,,,
1852,150,6.5,"INDONESIA",-6.5,105.5,,,,
1852,,,"TURKEY",,,,,,
1852,100,8.3,"INDONESIA",-5.25,129.75,60,,,
1852,,7,"MEXICO",32.5,-115.5,,,,
1853,,6.7,"VENEZUELA",10.5,-64.2,113,,,
1853,,,"GREECE",38.25,23.5,,,,
1854,,,"USA",57,-152,,,,
1854,,,"INDONESIA",0.8,127.4,,,,
1854,,8.3,"JAPAN",34,137.9,300,,,
1854,,8.4,"JAPAN",33.1,135,3000,,,
1855,,8,"NEW ZEALAND",-41.25,175,,,,
1855,,,"NEW ZEALAND",-41.93,174.09,,,,
1855,,6,"USA",34.1,-118.1,,,,
1855,,7,"JAPAN",34.5,137.6,,,,
1855,,7,"JAPAN",35.65,139.8,,,,
1856,,5.5,"USA",37.5,-122.3,,,,
1856,,7.5,"HONDURAS",16,-88,,,,
1856,,,"ALGERIA",37.1,5.7,,,,
1856,,,"ALGERIA",37.1,5.7,,,,
1856,,8,"JAPAN",40.5,143.5,26,,,
1856,,6.6,"GREECE",38.5,26.25,,,,
1857,,8,"PAPUA NEW GUINEA",-5.5,147,,,,
1857,50,7,"INDONESIA",-8,115.5,,,,
1857,,6.4,"JAPAN",34.8,138.3,,,,
1857,,,"INDONESIA",1.35,125.2,,,,
1859,,7,"INDONESIA",1,126.5,,,,
1859,,,"INDONESIA",-4.6,129.9,,,,
1859,,7.3,"INDONESIA",0.009,125.5,,,,
1859,,6.8,"TURKEY",40,26,,,,
1859,,7.6,"CHILE",-27.35,-70.35,,,,
1859,,7,"EL SALVADOR",13.7,-89.8,,,,
1860,,7.5,"HAITI",18.52,-73.35,,,,
1860,,,"PERU",-12.1,-77.1,,,,
1860,,,"INDONESIA",-1.25,128.5,,,,
1861,70,8.5,"INDONESIA",-1,97.5,1105,,,
1861,20,7,"INDONESIA",0.009,98,950,,,
1861,70,7,"INDONESIA",1,97.5,,,,
1861,,6.8,"INDONESIA",1,97.5,,,,
1861,,6.5,"INDONESIA",-1.5,100,,,,
1861,,7.4,"JAPAN",38.5,142,,,,
1861,,7.3,"GREECE",38.2,22.2,,,,
1862,,,"GREECE",38.25,22.25,,,,
1862,,5.9,"USA",32.7,-117.2,,,,
1863,,6.4,"JAPAN",44.6,141.5,,,,
1864,,7.8,"INDONESIA",-1,135,250,,,
1864,,,"CANADA",46.5,-53.7,,,,
1865,,,"PERU",-12,-77.1,5,,,
1865,,6.3,"USA",37.2,-121.9,,,,
1865,,8,"TONGA",-19.5,-173.5,,,,
1866,,6,"GREECE",36,23,,,,
1866,,6.3,"ALBANIA",40.4,19.5,,,,
1866,,6,"GREECE",36.404,25.396,,,,
1867,,7.4,"GREECE",38.39,20.52,,,,
1867,,,"NORWAY",58.667,6.167,,,,
1867,,7.1,"GREECE",36.4,22.2,,,,
1867,33,7.5,"USA TERRITORY",18.1,-65.1,24,,,
1867,,7,"TAIWAN",25.34,121.91,80,,,
1868,,,"USA TERRITORY",18.1,-65.1,,,,
1868,,7.9,"USA",19,-155.5,47,,,
1868,,,"ITALY",45.7,10.7,,,,
1868,,,"MEXICO",16.8,-99.9,,,,
1868,25,8.5,"CHILE",-18.6,-71,25000,,,
1868,,8.5,"CHILE",-18.6,-71,,,,
1868,12,7.6,"NEW ZEALAND",-40.2,173,,,,
1868,,6.8,"USA",37.7,-122.1,,,,
1869,,,"CHILE",-30,-71.4,,,,
1869,,7.5,"CHILE",-19.6,-70.23,,,,
1870,,7.9,"MEXICO",15.4,-96.3,,,,
1870,,,"EGYPT",32.2,29.6,,,,
1870,,,"CROATIA",,,,,,
1870,,,"ITALY",39.28,16.28,,,,
1872,,6,"PHILIPPINES",16,119,,,,
1872,33,7.4,"JAPAN",34.9,132,,,,
1872,,,"USA",52.2,-168.5,,,,
1872,,,"ICELAND",,,,,,
1872,,,"JAPAN",27.07,142.21,,,,
1873,,6.7,"USA",42,-124,,,,
1873,,8,"PAPUA NEW GUINEA",-5.5,146,,,,
1875,,,"ITALY",44.2,12.4,,,,
1875,,8,"NEW CALEDONIA",-20,168.5,25,,,
1876,50,6.8,"INDONESIA",-3,127.25,,,,
1877,,8.3,"CHILE",-21.5,-70.5,2282,,,
1877,,,"CHILE",-20.2,-70.1,,,,
1878,,7.5,"VANUATU",-19,168.5,,,,
1878,,,"USA",,,,,,
1878,,,"PAPUA NEW GUINEA",-4.25,152.25,,,,
1878,,8,"VANUATU",-19,168.5,,,,
1879,,5.9,"EGYPT",29,33,,,,
1880,100,7.5,"PHILIPPINES",16,121.85,,,,
1880,12,7,"NEW ZEALAND",-38.85,178.85,,,,
1880,,6.3,"USA",55.8,-155.6,,,,
1880,,6.3,"USA",57,-136,,,,
1881,,6.5,"GREECE",38.2,26.2,,,,
1881,,,"NEW ZEALAND",-43.69,172.9,,,,
1881,,,"CHILE",-20.2,-70.1,,,,
1881,,7.9,"INDIA",8.52,92.43,,,,
1882,,,"SRI LANKA",8.567,81.233,,,,
1882,40,7.9,"PANAMA",10,-79,100,,,
1882,,7.5,"INDONESIA",-4.5,129.9,,,,
1884,,6.2,"ERITREA",15.7,39.6,,,,
1885,,7.3,"INDONESIA",-2.5,127.5,,,,
1885,,,"CHILE",-20.2,-70.1,,,,
1886,,7.5,"GREECE",37.1,21.5,,,,
1886,,7.7,"USA",32.9,-80,,,,
1887,,,"ITALY",43.7,8.1,,,,
1887,,,"HAITI",19.7,-74.4,,,,
1888,,6.1,"GREECE",38.2,22.1,,,,
1889,,6.8,"PHILIPPINES",13.5,121,,,,
1889,70,8,"INDONESIA",1,126.25,,,,
1890,10,7.2,"IRAN",36.6,54.6,,,,
1891,,,"ALGERIA",36.5,1.8,,,,
1891,,7,"INDONESIA",-9,124,,,,
1891,,,"USA",48,-123.5,,,,
1892,,7.5,"USA TERRITORY",14,143.3,,,,
1892,,,"INDONESIA",2.5,99.5,,,,
1892,70,7,"INDONESIA",-3,127.75,,,,
1892,,6.5,"JAPAN",37,136.8,,,,
1893,,6.5,"GREECE",40.5,25.5,,,,
1893,,6.4,"GREECE",37.7,20.9,,,,
1893,,7,"RUSSIA",43.3,147.5,,,,
1893,,6.9,"JAPAN",42.5,145.5,,,,
1894,,7.9,"JAPAN",42.5,146,,,,
1894,,7,"GREECE",38.7,23.1,,,,
1894,,6.7,"TURKEY",40.6,28.7,,,,
1894,,7,"JAPAN",38.9,139.8,,,,
1895,,7.3,"PAPUA NEW GUINEA",-8.4,150.1,,,,
1895,12,6,"NEW ZEALAND",-38.8,176,,,,
1895,,4.3,"USA",40.667,-74.883,,1,,
1896,,7.6,"JAPAN",36.5,141,,,,
1896,,8.3,"JAPAN",39.5,144,27122,9247,,
1896,,,"GREECE",,,,,,
1896,,,"ICELAND",,,,,,
1897,33,7.4,"JAPAN",38.1,141.9,,,,
1897,,7.7,"JAPAN",38,143.7,,,,
1897,33,8.7,"PHILIPPINES",6,122,13,14,,
1897,33,8.1,"PHILIPPINES",12,126,,,,
1898,,7.2,"JAPAN",38.6,142,,,,
1898,,7,"GREECE",37.6,22.5,,,,
1899,,,"PAPUA NEW GUINEA",-3,152,,,,
1899,,8.2,"USA",60,-142,,,,
1899,25,8.2,"USA",60,-140,,,,
1899,,7.8,"INDONESIA",-3,128.5,2460,300,,
1899,,7.1,"JAPAN",31.9,132,,,,
1899,,6.9,"JAPAN",32.7,132.3,,,,
1900,,,"USA",58.6,-137.5,5,,,
1900,,6.8,"PAPUA NEW GUINEA",-4,152,,,,
1900,,,"PAPUA NEW GUINEA",-5,148,,,,
1900,,6.9,"INDONESIA",-4,140,5,,,
1900,25,8.4,"VENEZUELA",11,-66,,,,
1901,,6.7,"USA",36,-120.5,,,,
1901,33,6,"JAPAN",39,143,,,,
1901,33,7.5,"JAPAN",28,130.3,,,,
1901,33,7.2,"JAPAN",40.5,142.5,,,,
1901,33,7.9,"NEW CALEDONIA",-22,170,,,,
1901,33,7.4,"JAPAN",40.6,142.3,,,,
1901,33,6.3,"JAPAN",40.5,142.5,,,,
1901,,7,"NICARAGUA",11,-86.5,,,,
1902,,7,"EL SALVADOR",13.5,-89.5,185,100,,
1902,,6.6,"GREECE",40.75,23.25,,,,
1903,,6.5,"CHILE",-28.5,-71,,,,
1904,30,8.3,"RUSSIA",52,159,,,,
1904,,8.1,"RUSSIA",52,159,,,,
1905,33,7,"JAPAN",37.4,142.6,57,,,
1905,,7.9,"ITALY",39,16,,,,
1905,,5.1,"RUSSIA",44.5,37.5,,,,
1906,25,8.8,"ECUADOR",1,-81.5,1000,,,
1906,,,"VENEZUELA",10.5,-66.916,,,,
1906,,,"ECUADOR",1,-81,,,,
1906,,,"COLOMBIA",3.9,-77.033,,,,
1906,33,7.9,"USA",37.7,-122.5,,,,
1906,25,8.2,"CHILE",-33,-72,,,,
1906,33,8,"PAPUA NEW GUINEA",-7,149,,,,
1906,,7.2,"PAPUA NEW GUINEA",-4,149,,,,
1906,,5,"GHANA",6.5,0.3,,,,
1907,50,7.6,"INDONESIA",2,94.5,400,,,
1907,,6.5,"JAMAICA",18,-76.8,,,,
1907,,8.1,"MEXICO",17,-100,,,,
1907,33,5.5,"USA",59.5,-135.5,,,,
1907,,5.9,"ITALY",38.133,16.017,,,,
1908,130,7.5,"INDONESIA",-2,100,,,,
1908,33,6.8,"USA",19,-155,,,,
1908,40,7,"ITALY",38.17,15.58,2000,,,
1909,,6.7,"JAPAN",34.5,141.5,,,,
1909,80,7.5,"JAPAN",34.5,141.5,,,,
1909,33,6.9,"JAPAN",35.4,136.3,,,,
1909,100,8,"USA TERRITORY",12.5,145,,,,
1910,90,7.2,"VANUATU",-14,166.5,,,,
1911,,6.7,"ALBANIA",40.9,20.8,,,,
1911,160,8,"JAPAN",28,130,,,,
1912,100,6.6,"JAPAN",40.5,142,,,,
1913,33,6.8,"NEW ZEALAND",-41.8,171.5,,,,
1913,33,7,"PAPUA NEW GUINEA",-7,148,,,,
1914,33,7.1,"JAPAN",31.58,130.67,,,,
1914,15,8.1,"INDONESIA",-1.829,136.943,,,,
1914,,,"NEW ZEALAND",-37.8,178.2,,,,
1915,14,6.7,"GREECE",38.5,20.7,,,,
1915,60,7.8,"JAPAN",38.3,142.9,,,,
1915,33,6.4,"PHILIPPINES",18,119.5,,,,
1916,35,7.9,"PAPUA NEW GUINEA",-4.739,152.548,,,,
1916,25,7,"PANAMA",9.6,-82,,,,
1916,,5.1,"ITALY",38.817,15.233,,,,
1916,,5.9,"ITALY",43.967,12.667,,,,
1917,33,6.6,"INDONESIA",-7,116,,,,
1917,,6.5,"CHINA",24.47,118.08,,,,
1917,33,6.4,"PHILIPPINES",6,125,,,,
1917,60,8,"NEW ZEALAND",-29.2,-177,,,,
1917,33,5.8,"TAIWAN",23.2,121.6,,,,
1917,25,8.3,"SAMOA",-15.5,-173,,,,
1918,33,7.5,"CHINA",23.5,117.2,,,,
1918,33,8.3,"PHILIPPINES",5.5,123,6,,,
1918,33,8.2,"RUSSIA",45.5,151.5,23,7,,
1918,,7.3,"USA TERRITORY",18.5,-67.5,140,,,4
1918,,,"USA TERRITORY",18.5,-67.5,,,,
1918,33,7.8,"RUSSIA",44.5,151.5,,,,
1918,33,7.8,"CHILE",-26,-71,,,,
1919,25,8.1,"TONGA",-18.352,-172.515,,,,
1919,35,7.8,"PAPUA NEW GUINEA",-4.852,153.714,,,,
1920,15,7,"CHILE",-38,-73.5,,,,
1920,35,7.8,"VANUATU",-19.919,168.53,,,,
1921,,,"CHINA",40.13,124.38,,,,
1921,,7.5,"INDONESIA",-11,111,,,,
1921,,7.5,"PHILIPPINES",8,127,,,,
1922,33,7.5,"PAPUA NEW GUINEA",-7,143,,,,
1922,35,8.7,"CHILE",-28.553,-70.755,200,,,
1922,,6.3,"NEW ZEALAND",-43,173,,,,
1923,19,8.3,"RUSSIA",54,161,3,,,1.5
1923,22,7.2,"PHILIPPINES",6.5,124,,,,
1923,20,7.2,"RUSSIA",56.5,162.5,18,,400,
1923,40,7.3,"JAPAN",35.4,141.8,,,,
1923,33,7.9,"JAPAN",35.1,139.5,2144,166,,
1923,20,7.7,"JAPAN",34.9,140.2,,,,
1923,50,7.2,"PAPUA NEW GUINEA",-4.5,151.5,,,,
1924,33,8.3,"PHILIPPINES",6.5,126.5,,,,
1924,,6.5,"PHILIPPINES",16,118,,,,
1924,,7.8,"AUSTRALIA",-56,157.5,,,,
1925,,6,"USA",60,-146,,,,
1926,,7.2,"GREECE",36.5,23.3,,,,
1926,35,6.9,"SOLOMON ISLANDS",-9.674,159.519,,,,
1927,10,7.6,"JAPAN",35.6,135.1,,,,
1927,27,6,"UKRAINE",44.4,34.4,,,,
1927,10,6.9,"JAPAN",37.9,142,,,,
1927,20,6.4,"JAPAN",34.2,142,,,,
1927,17,6.8,"UKRAINE",44.4,34.5,,,,
1927,25,7.1,"USA",57.69,-136.07,,,,
1927,10,7.3,"USA",34.813,-120.774,,,,
1927,33,7.1,"CHILE",-44.6,-73,,,,
1927,,6.3,"INDONESIA",-0.7,119.7,50,50,,
1927,35,7.5,"RUSSIA",55.663,160.039,,,,
1928,60,7.7,"MEXICO",15.67,-96.1,,,,
1928,29,6,"GREECE",38,23,,,,
1928,40,7,"JAPAN",40,143.2,,,,
1928,33,7,"PHILIPPINES",12.4,120.9,,,,
1928,35,7.7,"MEXICO",16.028,-97.036,,,,
1928,25,7.6,"CHILE",-35,-72,,,,
1928,,7.3,"PHILIPPINES",7,124,4,102,,
1929,,6.9,"VENEZUELA",10.6,-65.6,,,,
1929,50,7.8,"USA",50.88,-169.71,,,,
1929,30,7.1,"JAPAN",31.7,132.2,,,,
1929,33,7,"CANADA",51,-131,,,,
1929,20,7.3,"CANADA",44.69,-56,28,,,1
1930,,7.3,"MYANMAR (BURMA)",17.3,96.5,500,,,
1930,33,6,"INDONESIA",-5.6,105.3,,,,
1930,15,5.2,"USA",34.03,-118.643,1,,,
1930,35,6.6,"PAPUA NEW GUINEA",-4.423,145.46,,,,
1930,,5.9,"ITALY",43.667,13.267,,,,
1930,,,"KENYA",-4.05,39.667,,,,
1930,33,6.5,"PAPUA NEW GUINEA",-1.3,144.3,27,8,,
1931,60,7.6,"JAPAN",41.2,142.5,,,,
1931,,7.4,"INDONESIA",-5,102.75,,,,
1931,35,7.8,"SOLOMON ISLANDS",-10.932,161.016,50,,,
1931,40,7.1,"JAPAN",32.2,132.1,,,,
1932,33,8.1,"MEXICO",19.5,-104.25,4,,,
1932,54,7.9,"MEXICO",19.452,-103.632,,,,
1932,33,7,"MEXICO",19,-104.5,75,100,,
1933,35,8.4,"JAPAN",39.224,144.622,3022,,,
1933,,,"TOGO",6.9,0.6,,,,
1933,20,7.1,"JAPAN",38.1,142.4,,,,
1933,33,6.9,"ECUADOR",-2,-81,,,,
1934,55,7.9,"PHILIPPINES",17.5,119,,,,
1934,60,7.7,"COSTA RICA",8,-82.5,,,,
1934,35,7.8,"SOLOMON ISLANDS",-11.907,166.731,,,,
1934,35,7.2,"SOLOMON ISLANDS",-11.139,165.503,,,,
1934,5,7,"MEXICO",18.5,-105.5,,,,
1935,,6.5,"JAPAN",36.6,141.4,,,,
1935,30,7.8,"PAPUA NEW GUINEA",-3.824,141.416,,,,
1935,10,7.2,"JAPAN",39.9,143.7,,,,
1935,10,7,"JAPAN",40.7,144.3,,,,
1936,60,7.7,"INDONESIA",4.5,126.5,,,,
1936,60,7.3,"CHILE",-24.5,-70,,,,
1936,40,7.7,"JAPAN",38.2,142.2,,,,
1937,60,7.5,"PHILIPPINES",14.5,121.5,,,,
1937,33,5.7,"RUSSIA",56,162.5,,,,
1938,,8.5,"INDONESIA",-5.25,130.5,,,,
1938,,7.5,"PAPUA NEW GUINEA",-6,147.8,,,,
1938,,7.6,"INDONESIA",-1,120,17,,,
1938,,7.1,"JAPAN",36.7,141.4,,,,
1938,,6.1,"JAPAN",43.6,144.3,1,,,
1938,35,7.6,"JAPAN",25.321,125.115,,,,
1938,30,7.7,"JAPAN",37.1,141.7,,,,
1938,30,7.6,"JAPAN",37.2,141.7,,,,
1938,0,7.5,"JAPAN",37.5,141.8,,,,
1938,20,7.1,"JAPAN",37,141.7,,,,
1938,25,8.2,"USA",55.48,-158.37,,,,
1938,60,6,"JAPAN",37,141.5,,,,
1938,10,6.9,"JAPAN",36.7,142.1,,,,
1938,50,7,"JAPAN",37,142.2,,,,
1939,20,6.6,"JAPAN",32.3,132,,,,
1939,35,7.9,"SOLOMON ISLANDS",-9.295,159.234,12,,,
1939,,7,"JAPAN",40.1,139.5,,,,
1939,16,6.5,"PORTUGAL",37.053,-24.427,,,,
1939,150,8,"INDONESIA",0,123,,,,
1939,35,7.7,"TURKEY",39.77,39.533,,,,
1940,10,7.5,"JAPAN",44.2,139.5,10,,,
1941,15,7.4,"PAPUA NEW GUINEA",-4.175,152.071,,,,
1941,55,7.6,"INDIA",12.5,92.5,,,,
1941,10,7.4,"JAPAN",32,132.1,2,,,
1941,,8.3,"ATLANTIC OCEAN",37.417,-18.983,,,,
1941,,7.6,"COSTA RICA",8.7,-83.2,,,,
1941,,6.9,"COSTA RICA",8.5,-84,,,,
1942,60,8.2,"PERU",-15,-76,,,,
1943,35,8.2,"CHILE",-30.75,-72,,,,
1943,20,7.1,"JAPAN",41.2,143.3,,,,
1944,30,8.1,"JAPAN",34,137.1,1223,2135,,
1945,33,7.1,"JAPAN",34.7,137.2,,,,
1945,20,7.3,"JAPAN",40.9,142.1,,,,
1945,,8,"PAKISTAN",24.5,63,4000,,,25
1946,15,8.6,"USA",53.492,-162.832,167,,,26.046
1946,,7.3,"CANADA",49.87,-124.92,,,,
1946,15,7.9,"DOMINICAN REPUBLIC",19.25,-69,1790,,,
1946,15,7.5,"DOMINICAN REPUBLIC",19.5,-69.5,75,,,
1946,20,8.1,"JAPAN",33,135.6,1362,,,
1947,12,7.1,"NEW ZEALAND",-38.85,178.87,,,,
1947,12,6.9,"NEW ZEALAND",-38.42,178.88,,,,
1947,28,6.9,"GREECE",37,22,,,,
1947,33,7,"JAPAN",43.8,141,,,,
1948,33,8.3,"PHILIPPINES",10.5,122,2,,,
1948,40,7.1,"GREECE",35.5,27.2,,,,
1948,40,7.2,"JAPAN",33.1,135.6,,,,
1948,15,6.5,"GREECE",38.532,20.427,,,,
1948,,6.3,"INDONESIA",6,95,,,,
1948,33,7.8,"TONGA",-21,-174,,,,
1948,100,7,"CHILE",-22.5,-69,,,,
1949,150,5.9,"RUSSIA",54.6,163.5,,,,
1949,70,7,"USA",47.167,-122.617,,,,
1949,,6.7,"GREECE",38.58,26.23,,,,
1949,25,8.1,"CANADA",53.6,-133.3,,,,
1949,60,7.5,"PAPUA NEW GUINEA",-5.5,154,,,,
1950,33,7.7,"COSTA RICA",11,-85,,,,
1950,,7.6,"INDONESIA",-3.8,128.3,,,,
1950,65,7.5,"GUATEMALA",14.31,-91.917,,,,
1950,33,7.3,"SOLOMON ISLANDS",-10,159.5,,,,
1950,50,7.5,"MEXICO",16.48,-98.22,,,,
1951,100,6,"NICARAGUA",13,-87.5,1000,,,
1951,12,6.9,"USA",19.5,-156,,,,
1951,21,7.3,"TAIWAN",23.8,121.7,,,,
1952,45,8.1,"JAPAN",42.15,143.85,33,,,
1952,20,7,"JAPAN",41.7,143.6,,,,
1952,33,4.5,"USA",19.1,-155,,,,
1952,25,7.8,"PHILIPPINES",9.5,127.25,,,,
1952,22,9,"RUSSIA",52.755,160.057,10000,,,1
1953,,5.8,"RUSSIA",50,156.5,,,,
1953,,6.5,"CYPRUS",35,32.5,,,,
1953,33,6.4,"FIJI",-18.3,178.2,5,12,,
1953,60,7.4,"JAPAN",34,141.7,,,,
1953,30,7.4,"PERU",-3.4,-80.6,,,,
1954,,6.7,"ALGERIA",36.283,1.467,,,,
1954,30,6.1,"JAPAN",38.9,142.2,,,,
1955,,6.2,"GREECE",39.4,23.1,,,,
1955,30,7.1,"CHILE",-30,-72,1,,,
1955,33,6.5,"PAPUA NEW GUINEA",-6.9,155.7,,,,
1956,20,6.3,"JAPAN",44.3,144.1,,,,
1956,20,7.8,"GREECE",36.9,26,3,,,
1956,,6.8,"GREECE",36.8,25.5,,,,
1957,33,8.6,"USA",51.292,-175.629,2,1,,
1957,33,7.3,"INDONESIA",-1.5,137,,,,
1957,25,7.9,"MEXICO",16.5,-99.1,,,,
1957,,5.5,"INDONESIA",-8.2,107.3,,,,
1958,60,7.6,"ECUADOR",1.5,-79.5,4,,,
1958,35,7.8,"USA",58.37,-136.665,5,,,0.1
1958,40,8.3,"RUSSIA",44.53,148.54,,,,
1959,40,6.8,"JAPAN",37.5,142.2,,,,
1959,60,8.2,"RUSSIA",52.5,159.5,,,,
1959,33,7.3,"SOLOMON ISLANDS",-7.5,156,,,,
1959,10,6.7,"JAPAN",37.5,143.2,,,,
1960,20,7.5,"JAPAN",39.8,143.4,,,,
1960,20,6.7,"JAPAN",39.4,143.7,,,,
1960,35,8.2,"CHILE",-37.872,-73.243,,,,
1960,33,9.5,"CHILE",-38.143,-73.407,2223,3000,,1000
1960,33,6.6,"PAPUA NEW GUINEA",-9.4,152.3,,,,
1960,30,6.7,"JAPAN",40.3,142.5,,,,
1960,93,6.8,"PERU",-6.8,-80.7,66,2,,0.55
1961,40,6.8,"JAPAN",36,142.3,,,,
1961,20,6.4,"JAPAN",36,141.9,,,,
1961,20,6.5,"JAPAN",36.2,141.9,,,,
1961,80,6.6,"RUSSIA",43.2,147.9,,,,
1961,74,7.6,"JAPAN",31.6,131.8,,,,
1961,,6.5,"TURKEY",36.7,28.5,,,,
1961,60,6.6,"JAPAN",29.6,131.8,,,,
1961,45,7.3,"VANUATU",-18.421,168.411,,,,
1961,80,7,"JAPAN",42.9,145.6,,,,
1961,60,6.9,"JAPAN",42.7,145.7,,,,
1962,30,6.8,"COSTA RICA",8.1,-82.9,,,,
1962,25,7.2,"JAPAN",38.073,142.741,,,,
1962,60,7,"JAPAN",42.2,143.9,,,,
1962,40,7,"MEXICO",17.2,-99.6,,,,
1962,33,7.2,"MEXICO",17.2,-99.5,,,,
1963,47,7.3,"TAIWAN",24.4,122.1,,,,
1963,,6.1,"TURKEY",40.75,29,,,,
1963,48,7.1,"RUSSIA",44.426,149.272,,,,
1963,13,8.5,"RUSSIA",44.772,149.798,,,,
1963,28,7.9,"RUSSIA",44.772,150.563,,,,
1964,33,9.2,"USA",61.017,-147.648,124,,,116
1964,100,7,"INDONESIA",5.8,95.4,,,,
1964,30,6.9,"JAPAN",40.3,139,,,,
1964,,6.6,"JAPAN",40.4,139,,,,
1964,40,7.5,"JAPAN",38.65,139.2,26,450,,80
1964,15,6.8,"RUSSIA",47.159,153.876,,,,
1964,45,7.6,"PAPUA NEW GUINEA",-5.7,150.7,,,,
1964,40,6.3,"JAPAN",40.4,138.9,,,,
1965,6,7.6,"INDONESIA",-2.4,126.1,71,,,
1965,36,8.7,"USA",51.29,178.55,,,,0.01
1965,18,6.3,"GREECE",39.4,24,,,,
1965,20,7.6,"USA",50.32,177.93,,,,
1965,,7.2,"RUSSIA",44.7,148.7,,,,
1965,40,6.5,"USA",53.03,-167.55,,,,
1965,13,7,"VANUATU",-15.8,167.2,,,,
1965,,7.8,"MEXICO",16.3,-95.8,,,,
1966,48,7.6,"TAIWAN",24.1,122.6,,,,
1966,31,7.1,"SOLOMON ISLANDS",-10.343,160.883,,,,
1966,,5.5,"RUSSIA",44.75,37,,,,
1966,38,8.1,"PERU",-10.748,-78.638,,,,2
1966,47,7.8,"CHILE",-25.5,-70.7,,,,
1966,83,7.8,"SOLOMON ISLANDS",-11.893,166.445,,,,
1966,23,7.2,"SOLOMON ISLANDS",-12.334,166.684,,,,
1967,33,5.5,"INDONESIA",-3.7,119.3,13,,,
1967,100,6.1,"INDONESIA",5.5,97.3,,,,
1967,10,6.5,"VENEZUELA",10.6,-67.3,,,,
1967,30,6.4,"PAPUA NEW GUINEA",-4.4,152.5,,,,
1967,33,7.5,"CHILE",-21.7,-69.5,,,,
1968,40,7.3,"RUSSIA",43.586,146.701,,,,
1968,15,7.2,"GREECE",39.368,24.957,,,,
1968,30,7.5,"JAPAN",32.3,132.5,,,,
1968,7,4.6,"ITALY",44.08,8,,,,
1968,7,8.2,"JAPAN",40.8,143.2,52,,,
1968,33,7.5,"JAPAN",41.5,142.7,,,,
1968,44,7.2,"JAPAN",39.4,143.1,,,,
1968,36,7.3,"PHILIPPINES",16.5,122.2,1,,,
1968,25,7.6,"INDONESIA",1.4,126.2,,,,
1968,23,7.8,"INDONESIA",0.2,119.8,200,58,,
1968,38,6.6,"TURKEY",41.8,32.3,,,,
1969,13,6.9,"INDONESIA",-3.1,118.9,600,,,
1969,22,7.8,"PORTUGAL",36.017,-10.95,,,,
1969,,7,"EGYPT",27.7,34,,,,
1969,41,6.5,"JAPAN",32.2,132.1,,,,
1969,17,5.4,"PAPUA NEW GUINEA",-6.6,146.9,,,,
1969,30,8.2,"RUSSIA",43.6,147.9,,,,
1969,51,7.7,"RUSSIA",57.7,163.6,,,,
1969,7,7.2,"GUADELOUPE (FRENCH TERRITORY)",15.8,-59.7,,,,
1970,73,7.6,"PHILIPPINES",6.8,126.7,,,,
1970,29,6,"USA",57.5,-153.9,,,,
1970,40,7.3,"PHILIPPINES",15.78,121.71,,,,
1970,44,6.5,"RUSSIA",43,47.1,,,,
1970,43,7.9,"PERU",-9.2,-78.8,,,,
1970,34,7,"JAPAN",32.2,131.7,,,,
1970,33,5.3,"PHILIPPINES",20.6,122,,,,
1970,8,7.3,"PAPUA NEW GUINEA",-4.907,145.471,3,,,
1970,7,5.1,"RUSSIA",43.84,39.34,,,,
1971,30,7.1,"USA",51.228,-177.173,,,,
1971,58,7.8,"CHILE",-32.5,-71.2,,,,
1971,47,7.9,"PAPUA NEW GUINEA",-5.5,153.9,1,,,
1971,48,7.9,"PAPUA NEW GUINEA",-4.9,153.2,,,,
1971,51,7.3,"JAPAN",41.4,143.5,,,,
1971,9,7.1,"RUSSIA",46.5,141.2,,,,
1971,29,5.5,"RUSSIA",46.7,141.4,,,,
1971,6,6.6,"RUSSIA",46.4,141.1,,,,
1971,16,6.2,"RUSSIA",46.3,140.9,,,,
1971,21,6,"RUSSIA",46.4,141.1,,,,
1971,33,7.8,"RUSSIA",56,163.3,,,,
1972,33,7.5,"TAIWAN",22.5,122.3,,,,
1972,56,7.4,"JAPAN",33.3,140.8,,,,
1972,25,7.6,"USA",56.82,-135.685,,,,
1972,10,7.1,"PAPUA NEW GUINEA",-6,152.9,,,,
1972,66,7.4,"JAPAN",33.3,140.7,,,,
1973,43,7.5,"MEXICO",18.48,-103,,,,
1973,27,7.2,"RUSSIA",50.5,156.6,,,,
1973,33,7.5,"PHILIPPINES",13.4,122.8,,,,
1973,48,7.7,"JAPAN",43.2,145.8,,,,5
1973,50,7.1,"RUSSIA",43.3,146.4,,,,
1973,,6.6,"RUSSIA",43.2,146.6,,,,
1973,14,6.7,"CHILE",-32.5,-71.5,,,,
1974,34,7,"SOLOMON ISLANDS",-7.5,155.9,,,,
1974,40,7.1,"SOLOMON ISLANDS",-7.4,155.6,,,,
1974,2,6.7,"JAPAN",34.6,138.7,,,,
1974,43,6.7,"RUSSIA",43.2,146.7,,,,
1974,13,8.1,"PERU",-12.27,-77.79,,,,
1975,33,7.7,"ATLANTIC OCEAN",35.997,-17.649,,,,
1975,15,7,"RUSSIA",43.024,147.734,,,,
1975,49,7.9,"PAPUA NEW GUINEA",-6.59,155.054,,,,
1975,50,7.6,"PHILIPPINES",12.54,125.993,1,,,
1975,2,7.7,"USA",19.451,-155.033,2,19,,1.5
1975,33,7.8,"SAMOA",-16.265,-172.467,,,,
1976,33,8,"NEW ZEALAND",-28.427,-177.657,,,,
1976,41,7,"RUSSIA",44.915,149.123,,,,
1976,5,7.5,"GUATEMALA",15.324,-89.101,,,,
1976,33,8,"PHILIPPINES",6.292,124.09,6800,6500,,134
1977,33,7.6,"SAMOA",-16.696,-172.095,,,,
1977,33,6.8,"SOLOMON ISLANDS",-9.828,163.323,,,,
1977,19,7.6,"SOLOMON ISLANDS",-9.89,160.348,,,,
1977,33,8.1,"SOLOMON ISLANDS",-9.965,160.731,,,,
1977,65,7.2,"TONGA",-22.878,-175.9,,,,
1977,33,8,"INDONESIA",-11.085,118.464,189,75,,1.2
1978,,6.6,"JAPAN",34.809,139.259,,,,
1978,33,6.7,"RUSSIA",44.026,149.002,,,,
1978,33,6.6,"RUSSIA",44.14,149.029,,,,
1978,46,6.8,"RUSSIA",44.209,148.971,,,,
1978,33,7.5,"RUSSIA",44.932,148.439,,,,
1978,33,7.6,"RUSSIA",44.244,148.862,,,,
1978,44,7.7,"JAPAN",38.19,142.03,,,,
1978,24,6.9,"PHILIPPINES",8.249,122.403,,,,
1978,17,7.4,"TAIWAN",22.282,121.512,,,,
1978,30,4.4,"SPAIN",36.37,-6.98,,,,
1979,10,6.4,"JAPAN",40.232,143.703,,,,
1979,15,7.5,"USA",60.691,-141.671,,,,
1979,49,7.6,"MEXICO",17.813,-101.276,,,,
1979,10,6.9,"SERBIA AND MONTENEGRO",42.096,19.209,,,,
1979,5,7.9,"INDONESIA",-1.679,136.04,100,,,
1979,24,7.7,"COLOMBIA",1.598,-79.358,600,20000,,8
1980,10,7.2,"PORTUGAL",38.815,-27.78,,,,
1980,44,7,"RUSSIA",43.53,146.753,,,,
1980,15,6.2,"JAPAN",34.808,139.181,,,,
1980,33,7.9,"SOLOMON ISLANDS",-12.525,165.916,,,,
1980,10,7.7,"ALGERIA",36.195,1.354,,,,
1981,,6.9,"JAPAN",38.64,142.75,,,,
1981,33,6.7,"GREECE",38.222,22.934,,,,
1981,29,6.4,"GREECE",38.209,23.288,,,,
1981,33,7.6,"NEW ZEALAND",-48.786,164.357,,,,
1981,25,7.7,"SAMOA",-14.96,-173.085,,,,
1981,28,7.3,"MEXICO",18.084,-102.084,,,,
1982,44,6.9,"JAPAN",42.158,142.361,,,,
1982,37,7.2,"JAPAN",36.194,141.702,,,,
1982,33,7.5,"TONGA",-24.133,-175.864,,,,
1982,22,6.4,"JAPAN",33.826,139.434,,,,
1983,,7.2,"GREECE",38.026,20.228,,,,
1983,17,6.9,"INDONESIA",-4.056,127.924,,,,
1983,89,7.9,"PAPUA NEW GUINEA",-4.883,153.581,,,,
1983,24,7.8,"JAPAN",40.462,139.102,100,324,,800
1983,26,5.9,"JAPAN",40.249,138.948,,,,
1983,10,6.9,"JAPAN",41.346,139.099,,,,
1983,63,7.1,"RUSSIA",55.867,161.287,,,,
1983,29,6.6,"PHILIPPINES",18.231,120.86,,,,
1983,15,7.7,"CHILE",-26.535,-70.563,,,,
1983,10,7.7,"UK TERRITORY",-6.852,72.11,,,,
1984,29,5.4,"GREECE",38.396,22.094,,,,
1984,44,7.2,"RUSSIA",44.117,148.192,,,,
1984,41,5.5,"JAPAN",31.448,140.036,,,,
1984,46,7,"JAPAN",32.386,131.945,,,,
1984,48,6.9,"JAPAN",34.006,141.5,,,,
1984,33,6.8,"RUSSIA",56.194,163.46,,,,
1985,33,8,"CHILE",-33.132,-71.708,,,,
1985,13,6.4,"GUADELOUPE (FRENCH TERRITORY)",17.013,-62.448,,,,
1985,28,8,"MEXICO",18.19,-102.533,,,,
1985,31,7.6,"MEXICO",17.802,-101.647,,,,
1986,31,8,"USA",51.52,-174.776,,,,
1986,29,7.8,"NEW ZEALAND",-28.117,-176.367,,,,
1986,34,7.8,"TAIWAN",23.901,121.574,,,,
1987,48,6.7,"JAPAN",36.988,141.689,,,,
1987,55,7.4,"PAPUA NEW GUINEA",-6.088,147.689,,,,
1987,62,7.6,"CHILE",-24.388,-70.161,,,,
1987,54,6.7,"JAPAN",32.034,131.837,,,,
1987,23,5.1,"JAPAN",37.447,137.865,,,,
1987,48,6.7,"VANUATU",-14.074,167.828,,,,
1987,16,7.3,"TONGA",-17.94,-172.225,,,,
1987,25,7,"PAPUA NEW GUINEA",-7.288,154.371,,,,
1987,48,7.4,"PAPUA NEW GUINEA",-6.266,149.06,,,,
1987,10,7.2,"USA",58.586,-143.27,,,,
1987,10,7.9,"USA",58.679,-142.786,,,,
1988,37,7.2,"CHILE",-24.753,-70.433,,,,
1988,15,7.8,"USA",57.262,-142.747,,,,
1988,53,5.4,"PHILIPPINES",18.606,121.013,,,,
1988,53,6.8,"PAPUA NEW GUINEA",-5.964,148.78,,,,
1988,36,7.6,"SOLOMON ISLANDS",-10.258,160.896,1,,,
1989,10,8.1,"AUSTRALIA",-52.341,160.568,,,,
1989,9,6.5,"USA",19.362,-155.083,,,,
1989,11,7.1,"USA",55.543,-156.835,,,,
1989,19,6.9,"USA",37.036,-121.883,,,,
1989,10,6.5,"JAPAN",39.571,143.333,,,,
1989,26,4.4,"USA TERRITORY",18.986,-68.833,,,,
1989,29,7.4,"JAPAN",39.837,142.76,,,,
1990,26,6.6,"PHILIPPINES",9.755,124.694,,,,
1990,14,6.4,"JAPAN",34.706,139.252,,,,
1990,22,7,"COSTA RICA",9.919,-84.808,,,,
1990,11,7.5,"USA TERRITORY",15.125,147.596,,,,
1990,10,6.5,"JAPAN",33.267,138.643,,,,
1990,11,5.3,"ITALY",37.3,15.438,,,,
1990,10,6.3,"TAIWAN",23.722,121.627,,,,
1991,10,6.9,"SOLOMON ISLANDS",-9.929,159.139,,,,
1991,39,5.7,"RUSSIA",48.268,154.328,,,,
1991,20,6.7,"USA",58.427,-175.45,,,,
1991,10,7.6,"COSTA RICA",9.685,-83.073,2,,,
1991,23,7.2,"SOLOMON ISLANDS",-9.094,158.442,,,,
1992,,3.7,"CHINA",18,108,,,,
1992,15,7.2,"USA",40.368,-124.316,,,,
1992,33,7.3,"PHILIPPINES",7.191,126.762,,,,
1992,29,7,"JAPAN",39.419,143.33,,,,
1992,40,7.7,"NICARAGUA",11.727,-87.386,170,489,,30
1992,28,7.8,"INDONESIA",-8.48,121.896,1169,500,,100
1993,11,6.3,"JAPAN",37.634,137.245,,,,
1993,10,6.4,"WALLIS AND FUTUNA (FRENCH TERRITORY)",-14.385,-178.252,,,,
1993,71,7.5,"RUSSIA",51.218,157.829,,,,
1993,17,7.7,"JAPAN",42.851,139.197,208,233,,1207
1993,13,6.3,"JAPAN",41.985,139.839,,,,
1993,59,7.8,"USA TERRITORY",12.982,144.801,,,,
1993,34,7,"RUSSIA",51.934,158.647,,,,
1994,18,6.7,"USA",34.213,-118.537,,,,
1994,20,7,"INDONESIA",1.015,127.733,,,,
1994,13,6.4,"JAPAN",40.608,143.683,,,,
1994,18,7.8,"INDONESIA",-10.477,112.835,238,423,,2.2
1994,26,6.6,"INDONESIA",-10.362,112.892,,,,
1994,17,6.1,"INDONESIA",-10.341,113.369,,,,
1994,10,7,"USA",40.402,-125.68,,,,
1994,14,8.3,"RUSSIA",43.773,147.321,,,,
1994,17,6.8,"INDONESIA",-1.258,127.98,1,52,,
1994,33,7.3,"RUSSIA",43.905,147.916,,,,
1994,32,7.1,"PHILIPPINES",13.525,121.067,81,225,,3.7
1994,27,7.8,"JAPAN",40.525,143.419,,,,
1995,22,6.9,"JAPAN",34.583,135.018,,,,
1995,21,7.4,"SAMOA",-15.199,-173.529,,,,
1995,21,7.2,"PHILIPPINES",12.059,125.58,,,,
1995,23,6.8,"PHILIPPINES",12.047,125.92,,,,
1995,13,6.9,"INDONESIA",-8.452,125.049,11,19,,
1995,20,7.7,"NEW CALEDONIA",-23.008,169.9,,,,
1995,11,7.1,"RUSSIA",52.629,142.827,,,,
1995,14,6.5,"GREECE",38.401,22.283,,,,
1995,46,8,"CHILE",-23.34,-70.294,,,,0.131
1995,30,7.7,"PAPUA NEW GUINEA",-5.799,154.178,,,,
1995,23,7.4,"MEXICO",16.779,-98.597,,,,
1995,33,8,"MEXICO",19.055,-104.205,1,,,
1995,28,7.1,"JAPAN",27.929,130.175,,,,
1995,20,6.8,"JAPAN",28.094,130.148,,,,
1995,20,6.7,"CHILE",-28.906,-71.417,,,,
1995,10,7.2,"EGYPT",28.826,34.799,,,,
1995,33,7.9,"RUSSIA",44.663,149.3,,,,
1996,24,7.9,"INDONESIA",0.729,119.931,9,63,,1.2
1996,33,8.2,"INDONESIA",-0.891,136.952,110,100,,4.2
1996,10,7.5,"PERU",-9.593,-79.587,12,57,,
1996,21,7.1,"MEXICO",15.978,-98.07,,,,
1996,33,7.9,"USA",51.564,-177.632,,,,
1996,24,7.3,"USA",51.478,-176.847,,,,
1996,33,5.7,"JAPAN",31.555,139.931,,,,
1996,10,6.9,"CHILE",-22.118,-113.436,,,,
1996,10,6.6,"JAPAN",30.568,131.093,,,,
1996,22,6.7,"JAPAN",31.885,131.468,,,,
1996,33,7.7,"PERU",-14.993,-75.675,,,,
1996,49,6.7,"JAPAN",31.789,131.314,,,,
1997,33,7.7,"SOLOMON ISLANDS",-12.584,166.676,,,,
1997,20,7,"VENEZUELA",10.598,-63.486,,,,
1997,10,6.2,"JAPAN",31.959,141.878,,,,
1997,167,7.7,"TONGA",-22.1,-176.77,,,,
1997,33,7.8,"RUSSIA",54.841,162.035,,,,
1998,10,8.1,"ANTARCTICA",-62.877,149.527,,,,
1998,33,7.5,"TAIWAN",22.306,125.308,,,,
1998,25,7,"PAPUA NEW GUINEA",-2.943,142.582,2205,1000,28,
1999,13,7.6,"TURKEY",40.76,29.97,155,,,
1999,33,7.5,"VANUATU",-16.423,168.214,5,,,
2000,26,7.6,"INDONESIA",-1.105,123.573,,,,
2000,10,7.9,"AUSTRALIA",-13.802,97.453,,,,
2000,10,6.1,"JAPAN",34.221,139.131,,,,
2000,10,6.1,"JAPAN",34.319,139.26,,,,
2000,10,6.5,"JAPAN",33.901,139.376,,,,
2000,33,8,"PAPUA NEW GUINEA",-3.98,152.169,,,,
2001,60,7.7,"EL SALVADOR",13.049,-88.66,,,,
2001,33,8.4,"PERU",-16.265,-73.641,26,,70,
2001,14,6.8,"TAIWAN",23.954,122.734,,,,
2002,21,7.2,"VANUATU",-17.6,167.856,,,,
2002,31,7.5,"PHILIPPINES",6.033,124.249,,,,
2002,33,6.4,"JAPAN",23.346,124.09,,,,
2002,33,7.1,"TAIWAN",24.279,122.179,,,,
2002,13,7.6,"PAPUA NEW GUINEA",-3.302,142.945,,,,
2002,21,6.5,"INDIA",13.036,93.068,,,,
2003,33,7.3,"SOLOMON ISLANDS",-10.491,160.77,,,,
2003,24,7.5,"MEXICO",18.77,-104.104,,,,
2003,12,6.8,"ALGERIA",36.964,3.634,,,,
2003,8,5.7,"ALGERIA",36.939,3.578,,,,
2003,28,7.2,"NEW ZEALAND",-45.104,167.144,,,,
2003,27,8.3,"JAPAN",41.815,143.91,,,,
2003,10,7,"JAPAN",37.812,142.619,,,,
2003,33,7.8,"USA",51.146,178.65,,,,
2003,10,6.1,"NEW CALEDONIA",-22.107,169.35,,,,
2004,17,6.7,"INDONESIA",-3.12,127.4,,,,
2004,27,5.3,"JORDAN",31.675,35.551,,,,
2004,14,7.2,"JAPAN",33.07,136.618,,,,
2004,10,7.4,"JAPAN",33.184,137.071,,,,
2004,10,6.6,"CANADA",49.277,-128.772,,,,
2004,10,7.5,"INDONESIA",-8.152,124.868,,,,
2004,14,6.3,"GUADELOUPE (FRENCH TERRITORY)",15.679,-61.706,,,,
2004,10,7.1,"NEW ZEALAND",-46.676,164.721,,,,
2004,39,7,"JAPAN",43.006,145.119,,,,
2004,10,8.1,"AUSTRALIA",-49.312,161.345,,,,
2004,30,9.1,"INDONESIA",3.316,95.854,227899,,,10000
2005,28,6.6,"JAPAN",34.064,141.491,,,,
2005,12,5.8,"GUADELOUPE (FRENCH TERRITORY)",15.775,-61.744,,,,
2005,30,8.7,"INDONESIA",2.085,97.108,10,,,
2005,19,6.7,"INDONESIA",-1.644,99.607,,,,
2005,10,7.2,"USA",41.301,-125.97,,,,
2005,36,7.2,"JAPAN",38.276,142.039,,,,
2005,11,7,"JAPAN",38.107,144.896,,,,
2006,30,6.7,"INDONESIA",-3.595,127.214,4,,,
2006,55,8,"TONGA",-20.187,-174.123,,,,
2006,34,7.7,"INDONESIA",-9.254,107.411,802,498,,55
2006,28,6.9,"SAMOA",-16.592,-172.033,,,,
2006,39,6.7,"USA",19.878,-155.935,,,,
2006,10,8.3,"RUSSIA",46.592,153.266,,1,,
2006,10,7,"CHINA",21.799,120.547,,,,
2007,10,8.1,"RUSSIA",46.243,154.524,,,,
2007,34,7.1,"VANUATU",-20.617,169.357,,,,
2007,8,6.7,"JAPAN",37.336,136.588,,,,
2007,10,8.1,"SOLOMON ISLANDS",-8.46,157.044,52,,,
2007,,6.2,"CHILE",-45.285,-72.606,10,,,
2007,10,6.6,"JAPAN",37.57,138.478,,,,
2007,5,6.2,"RUSSIA",47.116,141.798,,,,
2007,21,6.7,"USA",51.307,-179.971,,,,
2007,39,8,"PERU",-13.386,-76.603,3,,,
2007,35,7.2,"SOLOMON ISLANDS",-11.61,165.762,,,,
2007,34,8.4,"INDONESIA",-4.438,101.367,,,,
2007,10,7.4,"NEW ZEALAND",-49.418,163.954,,,,
2007,40,7.7,"CHILE",-22.247,-69.89,,,,
2007,156,7.4,"MARTINIQUE (FRENCH TERRITORY)",14.944,-61.274,,,,
2007,153,7.8,"KERMADEC ISLANDS",-25.996,-177.514,,,,
2008,25,6.5,"INDONESIA",-2.486,99.972,,,,
2008,35,7.3,"NEW CALEDONIA",-20.071,168.892,,,,
2008,22,6.9,"JAPAN",37.552,142.214,,,,
2008,25,6.8,"JAPAN",41.892,143.754,,,,
2008,30,7.3,"INDONESIA",1.271,122.091,,,,
2009,17,7.6,"INDONESIA",-0.414,132.885,,,,
2009,23,7.3,"INDONESIA",-0.691,133.305,,,,
2009,36,7.4,"RUSSIA",46.857,155.154,,,,
2009,22,7.2,"INDONESIA",3.884,126.397,,,,
2009,34,7.6,"TONGA",-23.046,-174.659,,,,
2009,10,7.3,"HONDURAS",16.72,-86.236,,,,
2009,12,7.8,"NEW ZEALAND",-45.762,166.562,,,,
2009,5,7.5,"INDIA",14.099,92.888,,,,
2009,40,6.4,"JAPAN",34.743,138.264,,,,
2009,20,6.7,"INDONESIA",-1.479,99.49,,,,
2009,18,8.1,"SAMOA",-15.489,-172.095,192,7,,285
2009,81,7.5,"INDONESIA",-0.72,99.867,,,,
2009,45,7.6,"VANUATU",-13.006,166.51,,,,
2010,26,6.6,"SOLOMON ISLANDS",-8.743,157.477,,,,
2010,25,7.1,"SOLOMON ISLANDS",-8.799,157.346,,,,
2010,15,6.8,"SOLOMON ISLANDS",-9.019,157.551,,,,
2010,13,7,"HAITI",18.457,-72.533,7,,,
2010,25,7,"JAPAN",25.93,128.425,,,,
2010,23,8.8,"CHILE",-36.122,-72.898,156,12000,,30000
2010,11,6.9,"CHILE",-34.29,-71.891,,,,
2010,31,7.8,"INDONESIA",2.383,97.048,,,,
2010,35,7.5,"INDIA",7.881,91.936,,,,
2010,25,7.2,"VANUATU",-17.541,168.069,,,,
2010,10,6.9,"USA TERRITORY",12.484,141.476,,,,
2010,20,7.8,"INDONESIA",-3.487,100.082,431,,,39
2010,14,7.4,"JAPAN",26.901,143.698,,,,
2010,16,7.3,"VANUATU",-19.702,167.947,,,,
2011,24,6.5,"VANUATU",-19.157,168.311,,,,
2011,28,6.8,"CHILE",-36.474,-73.125,,,,
2011,32,7.5,"JAPAN",38.435,142.842,,,,
2011,30,9,"JAPAN",38.297,142.372,18457,6152,,220085.456
2011,42,7.1,"JAPAN",38.276,141.588,,,,
2011,52,7.3,"USA",52.05,-171.836,,,,
2011,17,7.6,"NEW ZEALAND",-29.539,-176.34,,,,
2011,23,7,"JAPAN",38.034,143.264,,,,
2011,32,7.1,"VANUATU",-18.365,168.143,,,,
2011,28,7,"VANUATU",-18.311,168.218,,,,
2011,32,6.8,"USA",52.171,-171.708,,,,
2011,33,7.4,"NEW ZEALAND",-28.993,-176.238,,,,
2012,23,7,"VANUATU",-17.827,167.133,,,,
2012,12,6.9,"JAPAN",40.887,144.944,,,,
2012,20,7.4,"MEXICO",16.493,-98.231,,,,
2012,20,8.6,"INDONESIA",2.327,93.063,,,,
2012,25,8.2,"INDONESIA",0.802,92.463,,,,
2012,11,6.3,"VANUATU",-18.972,168.741,,,,
2012,28,7.3,"EL SALVADOR",12.139,-88.59,,,,
2012,28,7.6,"PHILIPPINES",10.811,126.638,,,,
2012,35,7.6,"COSTA RICA",10.085,-85.315,,,,
2012,14,7.7,"CANADA",52.788,-132.101,1,,,
2012,24,7.3,"GUATEMALA",13.988,-91.895,,,,
2012,31,7.2,"JAPAN",37.89,143.949,,,,
2013,10,7.5,"USA",55.393,-134.652,,,,
2013,24,7.9,"SOLOMON ISLANDS",-10.766,165.114,10,15,,
2013,21,7,"SOLOMON ISLANDS",-10.928,166.018,,,,
2013,17,6.5,"NEW ZEALAND",-41.704,174.337,,,,
2013,10,6.5,"NEW ZEALAND",-41.767,174.061,,,,
2013,47,,"PAKISTAN",25.18,62.26,,,,
2013,26,7.1,"JAPAN",37.149,144.679,,,,
2013,10,7.8,"ANTARCTICA",-60.296,-46.362,,,,
2014,20,6.7,"CHILE",-19.925,-70.628,,,,
2014,20,8.2,"CHILE",-19.642,-70.817,,,,
2014,40,7.6,"CHILE",-20.4,-70.135,,,,
2014,29,7.6,"SOLOMON ISLANDS",-11.315,162.211,,,,
2014,35,7.4,"SOLOMON ISLANDS",-11.451,162.069,,,,
2014,24,7.2,"MEXICO",17.552,-100.816,,,,
2014,31,7.5,"PAPUA NEW GUINEA",-6.72,154.931,,,,
2014,20,6.9,"NEW ZEALAND",-30.118,-177.67,,,,
2014,108,7.9,"USA",51.797,178.76,,,,
2014,11,6.5,"JAPAN",37.04,142.425,,,,
2014,10,6.1,"USA",58.358,-137.13,,,,
2014,16,7.1,"CHILE",-32.115,-110.779,,,,
2014,35,7.1,"INDONESIA",1.928,126.54,,,,
2015,23,6.7,"JAPAN",39.83,142.89,,,,
2015,10,6.4,"VANUATU",-16.431,168.148,,,,
2015,40,7.5,"PAPUA NEW GUINEA",-4.76,152.556,,,,
2015,33,5.7,"JAPAN",31.594,140.167,,,,
2015,42,7.5,"PAPUA NEW GUINEA",-5.465,151.886,,,,
2015,12,6.7,"SOLOMON ISLANDS",-9.303,158.396,,,,
2015,10,7,"SOLOMON ISLANDS",-10.444,165.172,,,,
2015,29,6.9,"USA",52.736,-169.446,,,,
2015,22,8.3,"CHILE",-31.573,-71.674,8,,,
2015,10,6.9,"CHILE",-29.439,-72.105,,,,
2015,12,6.7,"JAPAN",30.991,128.877,,,,
2015,11,6.5,"GREECE",38.755,20.552,,,,
2016,24,7.8,"INDONESIA",-4.908,94.275,,,,
2016,19,7.8,"ECUADOR",3.71,-79.94,,,,
2016,27,7,"VANUATU",-16.074,167.393,,,,
2016,10,7.2,"NEW CALEDONIA",-22.495,173.111,,,,
